5nwt3p-ff4wosqm5o,388,17
,19524,0
j5cmmu=kyf0-br8csw,284,18
fob,288,3
admin,5276,5
123,21292,3
Admin,2044,5
administrator,300,13
password,732,8
Pass,1312,4
word,3560,4
025,108,3
fen,236,3
qazwsx,1656,6
wsx,952,3
asdf1234,136,8
1234,7896,4
asd,2480,3
err,184,3
123456,10416,6
abc123,620,6
abc,3080,3
change,472,6
ang,1988,3
fdk23e4ej#md%28@1,80,17
cloud,2196,5
.cn,560,3
Link,112,4
2022,1780,4
link,136,4
1qa@ws,136,6
seed,164,4
1qaz@wsx3edc,136,12
1qaz@wsx3,136,9
1qaz@wsx,308,8
pass,3940,4
!@#$,932,4
huawei,1028,6
Hua,696,3
welcome,632,7
come,564,4
123123,380,6
qwe,2664,3
mini,1816,4
qweasd,1060,6
asd123,632,6
qwe123,748,6
Wang,144,4
wang,652,4
tcdn@20,68,7
tcdn,68,4
2007,88,4
xiao,344,4
two,80,3
qweasdzxc,436,9
ubuntu,484,6
pgj-heu05hqm=bmv,64,16
Change,324,6
dev,260,3
ali,444,3
2023,1988,4
!@#,3980,3
qaz,1644,3
2024,1540,4
des,88,3
ine,252,3
900,80,3
12345678,1192,8
1234567,1276,7
user,628,4
password1,284,9
Golden,56,6
golden,56,6
era,440,3
qazwsxedc,348,9
!qaz,600,4
root,1944,4
diesel,52,6
Diesel,52,6
1982,56,4
aaa,648,3
aon,180,3
lame,60,4
123qwe,668,6
qwerty,840,6
wer,1704,3
123456789,796,9
Zaki,52,4
blacks,48,6
wall,132,4
eep,60,3
...,248,3
Word,56,4
1q2w3e4r,196,8
ear,372,3
2020,1088,4
sword,284,5
1qaz2wsx,248,8
edc,948,3
was,132,3
Bruce,52,5
bruce,52,5
speed,64,5
123321,260,6
lkjhgfdsa,52,9
147258,268,6
mint,52,4
centos,256,6
2021,1156,4
cent,156,4
valid,60,5
guest,92,5
2015,196,4
12345,2584,5
woai,200,4
2ws,228,3
aq!,104,3
last,104,4
oracle,316,6
Oracle,160,6
zxcvbnm,172,7
zxcvbn,96,6
!@#$%,472,5
@#$%,408,4
smooth,44,6
test,956,4
Test,380,4
red,184,3
tie,796,3
Amax,40,4
1979,40,4
max,52,3
zhang,516,5
1qa,256,3
qa2,88,3
mad,92,3
ham,88,3
telephone,52,9
post,148,4
die,1104,3
break,40,5
jail,40,4
Sunshine,40,8
sunshine,44,8
Digital,44,7
digital,92,7
ocean,44,5
support,112,7
linux,428,5
Lin,152,3
555,80,3
man,376,3
321,396,3
c!@#,288,4
102030,40,6
001,60,3
xsw,392,3
tel,140,3
856,40,3
butter,44,6
ter,520,3
fly,52,3
serve,852,5
1qaz@,280,5
qaz@,288,4
control,52,7
total,36,5
talc,36,4
qweqwe,432,6
soft,140,4
zhi,192,3
qwer1234,168,8
nise,36,4
SEC,40,3
500,72,3
woaini,176,6
aini,208,4
.com,5160,4
qwertyuiop,132,10
qwertyu,124,7
idc.c,2424,5
idc,3532,3
weed,108,4
abcd1234,96,8
200,280,3
sit,96,3
76ci&d#^nyknxzf^dnwpjgv&,36,24
2018,1748,4
host,80,4
2019,780,4
wet,68,3
hello,356,5
words,104,5
fuckyou,92,7
rammstein,36,9
lie,320,3
ever,64,4
Down,52,4
down,76,4
!@#456,592,6
000,100,3
offer,32,5
MGS,32,3
secret,80,6
qwerty123,64,9
qwerty1,64,7
1qaz,520,4
game,80,4
Cent,88,4
India,84,5
q1w2e3r4,112,8
super,244,5
vis,76,3
mln,32,3
broad,32,5
rty,216,3
Ami,36,3
mile,44,4
Galaxy,48,6
mobile,40,6
Mobile,36,6
testing,92,7
ing,860,3
asdfghjkl,88,9
shr,32,3
craft,172,5
mine,156,4
secure,56,6
ecu,40,3
045,28,3
did,36,3
Monitor,28,7
monitor,32,7
oel,32,3
121,120,3
fire,104,4
cheng,80,5
air,120,3
for,152,3
059,72,3
ian,668,3
FEN,44,3
889,32,3
1935,28,4
www.,856,4
163,60,3
east,100,4
tea,64,3
100,168,3
world,92,5
123abc,172,6
a1b2c3,56,6
master,116,6
key,60,3
system,108,6
!qaz@wsx3edc,52,12
!qaz@wsx3,52,9
!qaz@,92,5
open,68,4
1q2w3e,128,6
q1w2e3,36,6
utanix/4u,32,9
utanix,32,6
apple,84,5
Apple,84,5
Administrator,36,13
!@#$%^&*(),88,10
woaini1314,40,10
installer,28,9
search,28,6
social,32,6
dock,48,4
Smart,32,5
smart,36,5
520,292,3
jin,120,3
dos,68,3
Act,36,3
act,92,3
821,52,3
5201314,100,7
1314,340,4
teas,24,4
bhrt**56$wx*%*st,24,16
626,56,3
141,84,3
net,452,3
job,68,3
della,92,5
dell,112,4
son,216,3
zhou,288,4
she,84,3
underground,24,11
und,52,3
381,40,3
934,40,3
quite,24,5
uan,432,3
and,136,3
612,32,3
644,32,3
Club,24,4
club,24,4
Moe,24,3
tech,28,4
well,32,4
3267,24,4
Nokia,28,5
security,28,8
CLO,36,3
aid,144,3
azerty,132,6
842,24,3
204,28,3
bae,36,3
long,68,4
bid,28,3
1qazxsw2,88,8
media,56,5
Black,44,5
black,56,5
ADM,28,3
ran,96,3
pet,52,3
1234qwer,140,8
mill,52,4
WER,216,3
los,44,3
car,112,3
has,52,3
System,48,6
AAA,40,3
24th,24,4
est,144,3
teams,72,5
peak,56,4
mail,56,4
bonus,24,5
234,68,3
789456,52,6
gas,56,3
video,28,5
flow,40,4
developer,60,9
Use,48,3
lewan,992,5
war,60,3
Lai,24,3
azertyuiop,24,10
uio,56,3
portfolio,24,9
asdfgh,48,6
fgh,92,3
satisfactory,36,12
ops,48,3
Avco,20,4
2004,20,4
locate,24,6
such,24,4
pen,112,3
project,24,7
jim,36,3
987,76,3
library,32,7
2017,196,4
012,40,3
wise,32,4
per,96,3
fans,24,4
ship,20,4
1200,24,4
lenovo,72,6
!@!,184,3
egg,40,3
ads,68,3
shun,28,4
a123456,324,7
132,28,3
364,20,3
888,192,3
098,36,3
sun,92,3
hernandez,20,9
372,32,3
5400,20,4
124,28,3
177,20,3
founder,36,7
under,48,5
men,152,3
xia,284,3
shi,276,3
335,20,3
051,24,3
micro,40,5
Micro,28,5
asdasd,88,6
end,116,3
Intel,20,5
taka,24,4
uta,44,3
310,20,3
az@w,44,4
aq1,124,3
window,148,6
Window,64,6
@wsx,156,4
wear,28,4
Red,36,3
had,44,3
upon,20,4
1986,24,4
walk,24,4
sky,68,3
zaq12wsx,36,8
passw0rd,28,8
inter,44,5
Sen,28,3
times,28,5
new,92,3
aini1314.,48,9
seeds,20,5
ABC,100,3
199,56,3
841,20,3
roots,36,5
house,56,5
light,52,5
france,44,6
432,80,3
den,52,3
Den,24,3
hadoop,100,6
048,24,3
Super,140,5
123456a,96,7
opens,48,5
tack,76,4
4rfv%tgb,52,8
block,20,5
chain,20,5
deploy,52,6
art,56,3
cat,104,3
Nova,20,4
452,72,3
!@#$%^,192,6
vision,24,6
lol123,20,6
schedule,56,8
bags,16,4
495,20,3
763,16,3
TEST,16,4
409,32,3
spur,32,4
onto,20,4
Paul,20,4
log,240,3
Air,20,3
7000,16,4
one,132,3
419,44,3
020,40,3
2022.,40,5
ten,92,3
699,28,3
886,24,3
Pakistan,20,8
20s,16,3
Uni,92,3
Fine,16,4
fine,16,4
2005,36,4
NGE,16,3
598,16,3
grow,16,4
empt,28,4
147258369,16,9
King,68,4
11223344,88,8
112233,152,6
445,52,3
Master,20,6
Ten,64,3
bug,28,3
u.cn,76,4
off,44,3
lin,120,3
566,48,3
IDC,48,3
800,32,3
crop,16,4
talent,20,6
lent,28,4
Spring,16,6
spring,24,6
andrew,16,6
123654,132,6
2016,144,4
anchor,16,6
Anchor,16,6
120,32,3
leg,28,3
1997,32,4
1234567890,144,10
890,36,3
pre,36,3
790,16,3
iya,108,3
Simon,28,5
think,20,5
135,92,3
1988,20,4
Hui,16,3
Joint,16,5
joint,16,5
106,16,3
ldt,16,3
jkl,40,3
start,36,5
Gov,40,3
got,40,3
fora,36,4
808,32,3
099,20,3
ago,52,3
kgs,16,3
lbo,40,3
trunk,16,5
777,76,3
150,20,3
1981,16,4
bin,44,3
12qwaszx,16,8
WAS,16,3
mass,28,4
618,16,3
East,20,4
Len,36,3
!1f#2,32,5
evil,32,4
may,40,3
ski,48,3
cont,40,4
632,16,3
steal,16,5
steam,44,5
run,60,3
Chu,28,3
land,68,4
too,72,3
global,64,6
Let,40,3
let,60,3
zhong,52,5
8uhb,32,4
Info,16,4
Ali,52,3
202,44,3
must,24,4
Must,24,4
786,16,3
666,112,3
Del,68,3
Smoke,28,5
smoke,48,5
Monster,16,7
mons,16,4
ton,112,3
inspire,16,7
pro,28,3
buy,36,3
960,24,3
education,16,9
France,24,6
943,16,3
782,16,3
Wei,40,3
player,20,6
internet,24,8
Inter,16,5
007,52,3
ave,48,3
password123,36,11
1990,20,4
install,20,7
456,252,3
Power,44,5
power,76,5
killer,16,6
gin,88,3
solutions,16,9
UAW,16,3
cfa,16,3
Frank,20,5
frank,28,5
wel,16,3
518,20,3
homes,16,5
Zhang,24,5
gap,20,3
owe,48,3
mega,32,4
Control,16,7
vip,28,3
stg,68,3
112,80,3
debian,68,6
270,20,3
365,28,3
way,28,3
111,60,3
Mine,36,4
orange,16,6
mar,92,3
amp,60,3
gob,36,3
818,16,3
854,20,3
649,16,3
ROOT,16,4
107,28,3
654321,52,6
Global,20,6
0577,16,4
daniel,32,6
1989,24,4
bfidc,84,5
441,20,3
487,16,3
133,28,3
CNC,40,3
FOR,16,3
Com,92,3
china,332,5
China,48,5
130,28,3
back,68,4
54321,56,5
Support,28,7
are,40,3
lap,20,3
2000,52,4
loves,16,5
ranch,16,5
flu,28,3
data,132,4
beans,12,5
789,180,3
you,96,3
soya,12,4
CAS,20,3
998,16,3
yang,280,4
yan,84,3
press,20,5
sushi,16,5
12345qwert,16,10
nin,40,3
201,152,3
coin,12,4
bit,48,3
chocolate,12,9
123789,16,6
----,12,4
big,92,3
4rfv%,12,5
tin,104,3
enterprise,16,10
street,16,6
main,16,4
deployment,12,10
bang,32,4
factor,12,6
grant,16,5
jumps,12,5
agent,16,5
range,36,5
Samsung,16,7
samsung,20,7
task,8,4
list,8,4
chemist,8,7
yuan,112,4
147,16,3
rate,28,4
220,28,3
423,44,3
091,32,3
corp,8,4
sees,8,4
357,12,3
053,8,3
idc!,72,4
880,12,3
999,68,3
controller,8,10
Chao,8,4
drag,12,4
182,12,3
067,8,3
506,12,3
668,8,3
ash,72,3
Ito,8,3
040,8,3
lit,16,3
203,8,3
base,20,4
pays,8,4
all,36,3
243,8,3
1st,8,3
Gen,12,3
min,52,3
clouds,56,6
free,40,4
724,8,3
this,20,4
risk,8,4
Atlanta,8,7
hsa,8,3
Start,20,5
help,24,4
desk,20,4
anonymous,8,9
383,8,3
Robert,12,6
robert,16,6
local,56,5
1230,40,4
oat,12,3
170,8,3
boxes,8,5
mind,12,4
ytr,72,3
126,8,3
bow,20,3
par,48,3
manager,16,7
arc,12,3
alos,8,4
tooth,8,5
blue,40,4
ends,8,4
unit,8,4
private,8,7
hell,20,4
ECH,8,3
ore,36,3
minus,8,5
rod,24,3
worker,8,6
159357,8,6
ties,16,4
2012,108,4
hit,36,3
line,60,4
Age,4,3
190,8,3
code,8,4
151,8,3
Speed,8,5
row,8,3
group,24,5
tne,4,3
Net,36,3
submarine,4,9
rot,28,3
teeth,4,5
faith,12,5
less,52,4
Orlando,28,7
grace,4,5
owner,4,5
office,8,6
head,24,4
blood,8,5
Blood,4,5
corn,24,4
brown,12,5
out,60,3
top,24,3
102,28,3
gfhjkm,8,6
Fire,20,4
friday,8,6
13th,4,4
wind,28,4
Het,4,3
knowing,4,7
undertake,8,9
Under,8,5
Take,4,4
emergency,4,9
attack,4,6
advance,8,7
ann,60,3
2014,112,4
dream,16,5
jose,4,4
Sword,16,5
2002,8,4
than,12,4
substructure,4,12
stage,4,5
3456,4,4
germany,4,7
Germany,4,7
arena,20,5
dig,36,3
dead,4,4
recur,4,5
ill,52,3
tri,40,3
washington,12,10
call,8,4
mat,64,3
home,48,4
sixty,4,5
nine,20,4
liverpool,8,9
Liverpool,8,9
1999,4,4
met,16,3
spark,4,5
electronic,4,10
745,4,3
spy,8,3
der,28,3
layer,8,5
classic,4,7
Hit,16,3
stall,4,5
there,12,5
fast,16,4
get,32,3
scrip,4,5
131,16,3
rang,12,4
Platinum,8,8
platinum,8,8
scratch,8,7
sugar,4,5
add,8,3
bean,8,4
Wolverine,4,9
wile,4,4
tenants,4,7
lieu,4,4
hour,4,4
144,4,3
share,4,5
Share,4,5
put,16,3
field,8,5
guess,8,5
won,44,3
lining,4,6
bird,12,4
hang,112,4
actual,4,6
woods,4,5
iran,16,4
PASS,16,4
face,48,4
ichi,16,4
ich,36,3
nor,36,3
rubber,4,6
duck,4,4
rocket,8,6
Security,4,8
2001,4,4
opt,12,3
COM,8,3
perceive,4,8
Colt,24,4
cable,4,5
slim,12,4
outlook,4,7
book,12,4
Face,4,4
hulk,4,4
hog,4,3
Information,4,11
information,4,11
radio,20,5
sure,8,4
forest,4,6
gum,12,3
Microsoft,4,9
stupid,8,6
doors,4,5
three,12,5
Canada,8,6
can,40,3
anti,44,4
cover,4,5
core,4,4
inoperative,4,11
radiation,4,9
position,4,8
jiao,88,4
zhao,336,4
Long,12,4
zheng,292,5
521,104,3
ming,156,4
amazing,8,7
611,8,3
now,32,3
any,232,3
love,64,4
218,20,3
pin,52,3
122,20,3
yong,24,4
110,44,3
fee,12,3
640,4,3
833,4,3
1964,4,4
bag,24,3
918,8,3
seek,8,4
143,44,3
liner,8,5
found,4,5
och,20,3
huge,16,4
101,32,3
331,8,3
yes,20,3
KING,4,4
1996,16,4
590,8,3
Nan,20,3
Liu,4,3
jack,40,4
disc,8,4
Disc,8,4
338,12,3
ones,24,4
Miss,12,4
miss,8,4
2011,48,4
whole,4,5
vice,4,4
feb,8,3
lasting,4,7
857,4,3
343,8,3
MSR,4,3
enter,4,5
star,60,4
hub,24,3
360,16,3
IDCS,8,4
775,24,3
850,4,3
211,8,3
wane,40,4
Jiang,8,5
hand,8,4
Don,12,3
dong,68,4
unp,4,3
own,12,3
ldc,8,3
apples,8,6
please,8,6
als,24,3
022,8,3
use,16,3
CMI,4,3
Talk,4,4
talk,12,4
431,4,3
Won,4,3
140,12,3
point,28,5
mode,12,4
109,12,3
999999,16,6
laid,4,4
said,4,4
888888,16,6
raid,4,4
acid,8,4
014,8,3
slid,4,4
arid,4,4
111111,40,6
grid,8,4
users,16,5
paid,4,4
Saga,4,4
void,4,4
led,4,3
556,4,3
Host,4,4
manage,72,6
482,8,3
010,12,3
summer,4,6
Days,4,4
days,4,4
680,8,3
624,4,3
554,20,3
341,8,3
362,8,3
old,20,3
GLJ,4,3
bar,60,3
non,16,3
300,8,3
happy,24,5
managed,4,7
Kitty,12,5
don,24,3
212,12,3
fix,4,3
manages,8,7
228,8,3
ard,52,3
rich,12,4
ice,24,3
bcf,20,3
252,8,3
428,8,3
Gene,8,4
652,4,3
Site,8,4
site,12,4
751,4,3
852,52,3
847,4,3
973,4,3
person,24,6
conn,12,4
080,4,3
MKI,4,3
pad,8,3
wood,20,4
700,4,3
547,4,3
Shanghai,4,8
phone,32,5
Phone,28,5
inc,8,3
hail,8,4
rid,8,3
503,4,3
741,48,3
fsb,8,3
921,4,3
578,4,3
259,4,3
258,12,3
831,8,3
see,16,3
168,40,3
bbd,12,3
994,8,3
itr,4,3
Users,12,5
both,4,4
264,12,3
party,48,5
tip,8,3
456123,20,6
take,4,4
marina,4,6
092,12,3
eased,4,5
345,12,3
A14,4,3
992,12,3
bus,28,3
usr,8,3
588,4,3
761,4,3
1027,8,4
915,8,3
114,20,3
575,4,3
lid,24,3
418,8,3
Ning,4,4
402,4,3
374,4,3
951,8,3
superman,4,8
758,4,3
293,4,3
278,8,3
7730,4,4
ray,28,3
159,8,3
052,12,3
600,8,3
8200,12,4
017,12,3
aver,52,4
713,4,3
060,8,3
753,4,3
658,8,3
262,4,3
MAS,8,3
mid,16,3
247,4,3
528,8,3
721,8,3
....,8,4
111222,20,6
1512,4,4
cpl,40,3
963,28,3
696,4,3
388,4,3
ebb,20,3
Ina,4,3
216,12,3
mark,4,4
698,8,3
552,4,3
win,20,3
369,16,3
749,8,3
operator,12,8
004,12,3
207,4,3
miner,8,5
232,8,3
983,4,3
few,4,3
989,4,3
408,4,3
288,8,3
693,4,3
822,4,3
342,4,3
hens,28,4
easy,4,4
its,12,3
840,16,3
fan,172,3
229,8,3
Feng,4,4
2292,4,4
pass@123,8,8
GAO,4,3
894,4,3
567,24,3
728,4,3
435,4,3
241,8,3
via,20,3
990,20,3
971,8,3
dot,12,3
1993,4,4
214,12,3
296,4,3
340,4,3
526,4,3
avian,4,5
del,40,3
name,36,4
novel,12,5
read,8,4
time,20,4
news,36,4
789456123,8,9
eyes,4,4
bear,24,4
!@#$%^&*(,60,9
!@#$%^&*,108,8
!@#$%^&,128,7
live,8,4
980,4,3
305,4,3
him,12,3
ask,32,3
driver,12,6
june,4,4
done,12,4
made,12,4
11111,20,5
1111,48,4
cars,12,4
920,8,3
space,8,5
lined,12,5
bad,28,3
1991,8,4
day,20,3
333,84,3
1111111111,4,10
11111111,12,8
1111111,16,7
stocks,4,6
tar,56,3
bone,12,4
546,8,3
third,8,5
the,40,3
inch,20,4
brooms,4,6
rooms,4,5
ban,24,3
lines,8,5
daily,8,5
very,4,4
logs,4,4
money,44,5
map,12,3
file,8,4
987654321,24,9
87654321,28,8
7654321,24,7
138,12,3
171,4,3
286,4,3
trip,8,4
035,4,3
531,16,3
328,4,3
young,8,5
six,8,3
sow,4,3
Ming,4,4
925,4,3
802,8,3
320,12,3
food,8,4
photo,12,5
bet,28,3
mart,20,4
561,4,3
145,16,3
645,4,3
dug,12,3
music,36,5
wil,12,3
city,20,4
pay,8,3
northeast,12,9
pacific,8,7
865,8,3
stream,16,6
551,8,3
our,12,3
aide,16,4
part,4,4
amd,4,3
travel,8,6
green,16,5
eggs,20,4
safe,28,4
trade,8,5
learn,4,5
rank,8,4
932,4,3
154,8,3
idea,8,4
auto,20,4
213,8,3
baby,40,4
good,44,4
fish,60,4
chem,8,4
231,16,3
352,4,3
sand,52,4
090,8,3
219,4,3
sailing,4,7
south,8,5
joy,4,3
orient,8,6
hay,4,3
451,8,3
keen,4,4
due,8,3
downs,4,5
002,4,3
runs,4,4
stock,4,5
rice,12,4
bred,4,4
991,8,3
898,8,3
show,12,4
128,8,3
sailor,20,6
houses,4,6
662,8,3
knows,8,5
sports,8,6
soba,4,4
white,8,5
same,4,4
wrong,4,5
628,4,3
port,20,4
525,4,3
eye,4,3
soar,4,4
263,4,3
bits,4,4
feel,16,4
fel,28,3
829,4,3
237,8,3
011,4,3
toi,52,3
050,8,3
Was,8,3
cheese,4,6
Chee,8,4
057,4,3
Has,4,3
465,4,3
780,4,3
active,8,6
Active,4,6
Aga,4,3
tax,4,3
430,4,3
223,4,3
eat,20,3
Daniel,8,6
1962,4,4
his,8,3
AMP,4,3
OTF,4,3
ODA,4,3
450,4,3
Ora,4,3
Rainbow,8,7
rain,20,4
San,8,3
technology,4,10
Technology,4,10
lies,4,4
253,4,3
beach,4,5
WANG,4,4
west,8,4
bbl,16,3
210,12,3
147852369,4,9
147852,4,6
249,4,3
Frankfurt,4,9
fur,8,3
amines,4,6
183,4,3
late,4,4
227,4,3
anger,4,5
expensive,4,9
119,4,3
australian,4,10
314,4,3
874,8,3
like,44,4
logo,4,4
282,4,3
835,4,3
858,8,3
reward,4,6
158,4,3
246,12,3
temperature,4,11
FDS,4,3
shell,8,5
shy,8,3
goods,4,5
blew,4,4
lint,8,4
north,4,5
sales,8,5
arts,4,4
Tan,16,3
northwest,4,9
400,4,3
215,12,3
magazine,4,8
188,4,3
aim,4,3
IMI,4,3
feed,20,4
sum,8,3
dns,12,3
236,8,3
614,4,3
412,8,3
Breast,8,6
breast,8,6
240,4,3
lock,36,4
rose,28,4
countryside,4,11
Ben,36,3
235,4,3
922,8,3
edt,4,3
bush,8,4
hate,4,4
155,4,3
kilo,4,4
134,4,3
angle,4,5
unq,8,3
205,8,3
BABY,4,4
cool,44,4
networks,4,8
network,20,7
edition,4,7
2003,28,4
bio,16,3
DTC,4,3
108,4,3
250,4,3
jam,28,3
frightened,4,10
somewhere,4,9
221,8,3
real,12,4
NHY,12,3
tit,8,3
560,4,3
185,4,3
sole,8,4
Cons,4,4
steel,8,5
pit,8,3
fio,4,3
184,4,3
best,8,4
146,4,3
623,4,3
041,12,3
254,4,3
sut,8,3
---,4,3
018,4,3
312,16,3
081,4,3
hoc,4,3
glass,8,5
quarter,4,7
center,8,6
169,4,3
Jack,28,4
cap,16,3
427,4,3
wary,4,4
838,4,3
park,8,4
fed,4,3
510,4,3
LAW,4,3
law,12,3
van,48,3
071,4,3
bank,20,4
Bank,20,4
billing,12,7
WFC,12,3
voltage,4,7
Volta,4,5
make,20,4
pads,4,4
Mel,16,3
1100,16,4
629,4,3
654,32,3
drs,20,3
Med,28,3
BIG,4,3
697,4,3
nap,12,3
534,4,3
273,4,3
678,8,3
Sid,4,3
ofs,4,3
auditor,16,7
Dey,4,3
shop,16,4
1905,4,4
816,8,3
047,32,3
Store,4,5
store,4,5
952,4,3
japan,8,5
Dock,4,4
bsm,4,3
SLT,28,3
226,4,3
hot,72,3
Arm,12,3
arm,16,3
oil,4,3
692,4,3
boot,16,4
Who,8,3
280,8,3
fiber,4,5
592,12,3
noon,4,4
CIF,4,3
cif,8,3
autos,8,5
826,4,3
Open,16,4
222,72,3
233,8,3
filter,28,6
sur,28,3
515,4,3
502,4,3
SHX,4,3
Auto,4,4
BTR,4,3
195,4,3
sub,16,3
936,4,3
life,16,4
HNH,8,3
930,8,3
HYD,4,3
flip,8,4
case,4,4
507,8,3
413,8,3
884,4,3
549,4,3
lean,4,4
say,20,3
455,24,3
lion,16,4
lot,20,3
Merry,16,5
Bonn,4,4
043,4,3
SUN,4,3
1300,8,4
308,4,3
796,4,3
176,4,3
just,8,4
todays,4,6
Today,4,5
receive,4,7
lip,16,3
Eli,20,3
Gate,4,4
gate,8,4
wife,4,4
076,4,3
Aam,4,3
THP,4,3
468,4,3
828,4,3
290,4,3
1825,4,4
559,4,3
979,4,3
pep,8,3
1992,4,4
085,4,3
health,4,6
791,4,3
tag,32,3
away,8,4
raise,8,5
seas,12,4
853,8,3
454,8,3
031,4,3
030,4,3
511,4,3
0914,4,4
046,4,3
351,4,3
887,4,3
497,4,3
483,4,3
021,8,3
160,8,3
189,4,3
868,4,3
548,4,3
3185,4,4
558,4,3
245,8,3
Ken,4,3
hss,4,3
guy,8,3
1250,4,4
bigger,4,6
Big,36,3
377,4,3
1800,4,4
tower,4,5
cnt,4,3
787,4,3
916,4,3
1130,4,4
rpt,4,3
055,8,3
1700,4,4
Zhou,4,4
370,4,3
855,4,3
Bug,8,3
api,12,3
065,4,3
619,8,3
complex,4,7
407,4,3
164,4,3
yet,4,3
564,4,3
HOT,4,3
jar,8,3
285,4,3
Just,4,4
589,4,3
876,4,3
internal,4,8
FDB,4,3
far,4,3
909,4,3
810,4,3
chilling,4,8
reset,4,5
Res,8,3
371,8,3
lows,4,4
070,4,3
Top,28,3
Yeo,4,3
agro,4,4
448,4,3
engine,12,6
324,4,3
luck,16,4
Mail,4,4
GNB,4,3
778,24,3
877,4,3
788,4,3
movie,4,5
nail,4,4
want,4,4
pests,16,5
Pests,16,5
suit,20,4
pamphlet,16,8
journal,16,7
Journal,16,7
drop,20,4
broken,16,6
Broken,16,6
history,16,7
His,16,3
vogue,16,5
bay,20,3
Bay,16,3
Dwindling,16,9
dwindling,16,9
Seventh,20,7
seventh,20,7
Lifestyle,16,9
lifestyle,16,9
drying,16,6
Dry,16,3
negative,16,8
unsafe,16,6
Network,16,7
topic,16,5
hotel,20,5
Hotel,16,5
dust,24,4
sick,20,4
side,28,4
Side,20,4
bias,12,4
Cigar,16,5
cigar,16,5
fruit,16,5
Fruit,16,5
tonic,16,5
tissue,16,6
Tissue,16,6
her,56,3
jump,16,4
Hemlo,20,5
wanted,16,6
evicted,20,7
Greater,20,7
greater,20,7
macro,16,5
gigantic,20,8
motion,16,6
hedge,16,5
edge,16,4
goes,12,4
door,20,4
Door,16,4
school,16,6
School,16,6
sued,16,4
play,24,4
Cool,36,4
fend,32,4
Auctions,20,8
auctions,20,8
Divers,16,6
divers,16,6
worry,16,5
ring,24,4
Joining,20,7
joining,20,7
software,16,8
Software,16,8
jittery,16,7
neck,16,4
fit,32,3
nucleus,20,7
ceiling,16,7
Diplomat,16,8
diplomat,16,8
enhanced,16,8
Plus,12,4
plus,12,4
ruling,16,6
Terminal,20,8
terminal,20,8
viewpoint,20,9
Faw,16,3
guarded,20,7
Guard,20,5
tubes,16,5
Tube,16,4
okay,12,4
intended,16,8
ended,16,5
unknown,20,7
known,20,5
etc,20,3
never,16,5
Nev,16,3
mostly,16,6
Mostly,16,6
Weir,16,4
oust,16,4
blunt,20,5
Mechanic,16,8
ulcers,16,6
whipped,20,7
Cal,24,3
unrest,16,6
rest,28,4
Kitchens,16,8
elite,16,5
Mirror,16,6
mirror,16,6
View,12,4
itself,16,6
Its,16,3
After,16,5
after,16,5
aft,12,3
Are,12,3
Room,16,4
room,16,4
Logic,16,5
Money,24,5
pair,20,4
lay,28,3
Bumper,16,6
bumper,16,6
hesitate,16,8
yard,12,4
gone,32,4
Kick,20,4
ignore,16,6
vacation,20,8
Vaca,20,4
Son,16,3
pid,44,3
kept,12,4
mixture,16,7
gear,16,4
Gear,16,4
occur,16,5
equip,16,5
otherwise,16,9
Otherwise,16,9
Music,20,5
Lex,20,3
tons,20,4
load,32,4
Mayor,16,5
adhesive,20,8
amnesty,20,7
try,20,3
swiftly,16,7
Swift,16,5
final,16,5
semi,16,4
Hold,12,4
hold,12,4
Semi,4,4
return,16,6
Return,16,6
sleep,24,5
Ferry,16,5
ferry,16,5
how,16,3
How,16,3
left,12,4
bacon,16,5
Wet,8,3
radar,16,5
Rada,16,4
August,16,6
august,16,6
using,16,5
Using,16,5
Towe,16,4
Trying,16,6
trying,16,6
riots,16,5
Rio,16,3
dating,16,6
navy,12,4
Navy,12,4
losing,16,6
Tender,16,6
tender,16,6
dilute,16,6
pruned,16,6
Tin,4,3
Lay,4,3
Int,4,3
Good,24,4
Leo,8,3
sex,32,3
944,4,3
804,12,3
390,4,3
066,4,3
serviced,4,8
service,12,7
061,4,3
Sun,4,3
Ding,8,4
hyper,4,5
058,4,3
720,4,3
827,4,3
7660,4,4
139,8,3
766,4,3
480,4,3
SER,4,3
812,4,3
307,4,3
013,8,3
1968,4,4
box,16,3
605,4,3
651,4,3
1914,4,4
142,4,3
260,4,3
820,8,3
hung,4,4
358,4,3
1994,4,4
drink,8,5
ink,4,3
computer,4,8
nil,12,3
Nil,12,3
color,12,5
Color,8,5
SQL,8,3
rata,4,4
Administrators,4,14
Las,4,3
saw,4,3
touch,4,5
Chi,12,3
sorry,4,5
hospital,4,8
short,4,5
cuts,4,4
sea,20,3
Rock,16,4
rock,8,4
434,8,3
SRV,4,3
patch,4,5
AIR,4,3
STA,4,3
direction,4,9
DIRECT,4,6
ION,4,3
table,4,5
COMMERCIAL,4,10
commercial,4,10
teu,4,3
mot,16,3
comercial,16,9
COME,4,4
RCI,4,3
most,8,4
Most,4,4
725,4,3
Cam,12,3
device,16,6
nkfq03-20,16,9
nkfq03,16,6
fusion,4,6
here,12,4
3322,4,4
361,8,3
gantry,4,6
lump,4,4
command,20,7
monkey,8,6
Monkey,8,6
332,4,3
aaaaaa,16,6
015,4,3
422,4,3
5764,4,4
dies,24,4
CMC,4,3
970,4,3
774,4,3
117,4,3
Manager,4,7
179,4,3
891,4,3
some,4,4
SYSTEM,8,6
ultimate,4,8
Ultimate,4,8
Key,4,3
educational,4,11
Ttl,28,3
gmt,4,3
777777,20,6
666666,16,6
333333,12,6
899,20,3
00000,4,5
222222,20,6
368,4,3
55555,12,5
042,4,3
year,4,4
tree,4,4
style,20,5
backer,8,6
shield,4,6
444,44,3
doubles,4,7
dangerous,4,9
0000,20,4
great,4,5
steels,4,6
DNP,4,3
878,4,3
555555,12,6
000000,8,6
444444,12,6
others,8,6
more,8,4
532,4,3
gilt,40,4
Gilt,40,4
original,8,8
Original,4,8
Jul,24,3
welcomes,4,8
says,4,4
cow,16,3
026,4,3
024,4,3
027,4,3
028,4,3
993,8,3
311,8,3
leon,16,4
print,8,5
313,4,3
poll,8,4
join,4,4
execute,4,7
shex,4,4
personal,8,8
damp,8,4
portable,4,8
hammer,16,6
what,20,4
mines,4,5
663,4,3
7600,4,4
976,4,3
boom,8,4
systems,4,7
670,4,3
packet,4,6
fence,4,5
query,4,5
Plc,4,3
plc,4,3
christian,8,9
utter,12,5
tools,4,5
punch,4,5
burger,4,6
405,4,3
access,4,6
gangs,8,5
rica,12,4
route,4,5
redemption,4,10
fore,4,4
eric,12,4
anthony,4,7
exclusive,4,9
dent,12,4
signature,4,9
Any,4,3
qqqqqq,4,6
optics,4,6
monitoring,4,10
need,4,4
marketing,8,9
dog,44,3
know,8,4
dont,12,4
597,4,3
437,4,3
reception,4,9
multi,4,5
operations,4,10
GLP,4,3
cast,36,4
customer,4,8
buck,8,4
screen,8,6
board,12,5
michael,12,7
Dubai,4,5
hops,8,4
inform,8,6
justin,8,6
proxy,12,5
trace,8,5
desktop,4,7
files,4,5
543,4,3
476,4,3
also,4,4
Hal,4,3
bloom,4,5
quit,8,4
pilot,4,5
production,4,10
nice,16,4
nicole,4,6
And,16,3
machine,12,7
172,4,3
swing,4,5
ent,28,3
Tian,4,4
Han,8,3
domination,4,10
client,4,6
thomas,4,6
sonar,4,5
642,4,3
706,4,3
shadow,4,6
bases,4,5
stem,4,4
metallic,4,8
step,12,4
dec,8,3
dragon,16,6
strong,8,6
dark,8,4
mud,8,3
982,4,3
nar,28,3
inside,4,6
raiders,4,7
ppo,12,3
warehouse,4,9
princess,4,8
franc,8,5
Ord,4,3
ese,4,3
visit,4,5
pier,12,4
suport,4,6
analysis,4,8
film,4,4
william,4,7
tat,20,3
cane,4,4
account,8,7
dip,4,3
rash,4,4
everly,8,6
yesterday,4,9
speak,4,5
023,4,3
brew,4,4
pat,16,3
upgrade,4,7
lakes,4,5
lake,12,4
public,4,6
update,4,6
Sam,32,3
rib,12,3
KPA,4,3
BLA,4,3
transport,4,9
olive,8,5
finance,4,7
jeans,4,5
little,4,6
coins,4,5
development,4,11
471,4,3
Man,20,3
242,4,3
president,4,9
Dar,8,3
255,4,3
621,4,3
switch,4,6
newsletter,4,10
design,4,6
court,4,5
dls,4,3
reseller,4,8
formation,4,9
375,4,3
cawl,4,4
provide,4,7
Wish,4,4
slick,12,5
delta,4,5
Delta,4,5
Ice,4,3
Des,12,3
jet,8,3
Jan,8,3
Sooner,4,6
sooner,4,6
Thompson,4,8
crush,4,5
rush,4,4
Pre,4,3
sent,4,4
Trans,8,5
trans,8,5
Zheng,4,5
random,4,6
Random,4,6
Magic,4,5
February,4,8
february,4,8
chip,4,4
Chip,4,4
Free,24,4
Christie,4,8
christi,24,7
Love,24,4
Puppies,8,7
ball,60,4
Soft,4,4
Dodge,4,5
dodge,4,5
suburban,4,8
Suburban,4,8
Les,4,3
ticket,4,6
Ticket,4,6
Herb,4,4
experienced,8,11
Exp,8,3
Hot,20,3
Car,16,3
Alberto,4,7
honey,4,5
views,4,5
Views,4,5
Kendall,4,7
harbor,4,6
Harbor,4,6
Sullivan,8,8
Castle,4,6
castor,8,6
Cast,16,4
Emperor,8,7
Nikolay,4,7
Fernando,4,8
fernando,4,8
Jon,8,3
Beck,4,4
Lennon,4,6
Hermes,4,6
Will,4,4
will,4,4
Dragon,12,6
strike,4,6
Strike,4,6
father,8,6
God,8,3
doll,16,4
coming,4,6
Coming,4,6
sister,12,6
Frederik,4,8
Andre,4,5
twin,4,4
Twin,4,4
Can,16,3
Water,8,5
water,8,5
journey,4,7
The,16,3
engineer,4,8
Engine,4,6
fashion,4,7
Chevrolet,4,9
role,4,4
airborne,4,8
borne,4,5
lest,8,4
balloon,4,7
Ball,12,4
strange,8,7
cake,8,4
Pan,28,3
Kawasaki,4,8
kill,8,4
Kill,8,4
basket,12,6
Eastern,4,7
eastern,4,7
Rica,4,4
drive,8,5
Drive,8,5
bears,4,5
Bear,16,4
Connor,4,6
whatever,4,8
Whatever,4,8
finder,4,6
Find,4,4
golds,4,5
Gold,12,4
memory,4,6
Memory,4,6
Akira,4,5
weekend,4,7
Weekend,4,7
orchard,4,7
hard,24,4
Eight,4,5
eight,4,5
Trace,4,5
Van,4,3
loser,4,5
Los,8,3
Goldberg,4,8
gold,16,4
Eastwood,4,8
plant,8,5
battle,4,6
Battle,4,6
alien,4,5
Grand,4,5
rand,4,4
Sporting,4,8
sport,4,5
Metall,4,6
metal,8,5
alliance,8,8
Alliance,8,8
Beverly,4,7
typhoon,8,7
card,24,4
wild,12,4
Cinema,8,6
cinema,8,6
Pat,12,3
Western,4,7
western,4,7
Helmut,4,6
factory,4,7
Factory,4,7
John,16,4
arms,4,4
progress,4,8
Brook,4,5
peanuts,8,7
nuts,8,4
Pea,8,3
Life,4,4
Sanchez,4,7
Marin,4,5
static,12,6
wheels,4,6
heels,8,5
But,8,3
Light,12,5
Blue,16,4
Alberta,4,7
tinker,4,6
Flank,12,5
flank,12,5
bull,12,4
Bull,20,4
retire,4,6
tire,4,4
quartz,4,6
Matt,16,4
Adrian,4,6
Ipswich,8,7
Berg,4,4
Albany,4,6
Pale,4,4
Lawrence,8,8
Brown,4,5
Sea,4,3
Dean,4,4
diving,4,6
Div,4,3
Clem,8,4
Hat,4,3
Eduardo,8,7
Bro,20,3
Delaware,4,8
aware,4,5
Maison,4,6
Hawkeye,8,7
suck,24,4
Stone,16,5
stone,16,5
Solar,4,5
Melrose,4,7
Spotty,4,6
spotty,4,6
build,4,5
Casino,4,6
casino,4,6
glory,4,5
What,16,4
losers,4,6
Meredith,4,8
mere,4,4
Norton,4,6
Dutch,4,5
charlie,8,7
Charlie,8,7
Polar,4,5
polar,4,5
Jones,4,5
Circus,8,6
Curtis,4,6
Wall,4,4
Friday,4,6
Right,4,5
right,8,5
Antar,4,5
Browns,4,6
Meat,12,4
bottom,4,6
Bottom,4,6
Mile,8,4
Mar,12,3
Mohammad,4,8
Pearl,8,5
hole,8,4
Lake,4,4
Brian,4,5
Alexander,4,9
Terra,4,5
Gill,4,4
gil,4,3
superstar,8,9
There,8,5
discover,4,8
over,16,4
multiple,8,8
Multi,8,5
hook,8,4
Hack,8,4
palace,4,6
Palace,4,6
lawyer,4,6
Lawyer,4,6
Tri,16,3
junk,4,4
Jun,12,3
Luther,4,6
Chris,8,5
wrestling,4,9
Cabbage,8,7
Transit,4,7
transit,4,7
blessing,4,8
Ranger,8,6
Sand,12,4
dam,12,3
Dam,8,3
Bir,8,3
heaven,8,6
Ring,4,4
chrome,4,6
Ind,8,3
skate,4,5
rust,4,4
Brighton,4,8
bright,4,6
Trucking,12,8
trucking,12,8
Charles,8,7
rates,8,5
Calif,4,5
Record,4,6
record,4,6
Lotus,4,5
hardware,4,8
Hard,16,4
Brooks,4,6
Syracuse,4,8
Rodman,4,6
Corsa,8,5
Kero,8,4
cold,12,4
Because,4,7
because,4,7
Robinson,8,8
rob,20,3
Colonial,8,8
colonial,8,8
Esther,4,6
Flyer,4,5
Ana,8,3
Hammer,8,6
Mallory,4,7
mall,8,4
Lego,4,4
tanker,4,6
Tanker,4,6
California,4,10
sale,4,4
Sale,4,4
sony,8,4
Sony,8,4
Bit,4,3
Richards,4,8
Carr,8,4
Cadillac,4,8
Vermont,8,7
hire,4,4
marseille,4,9
Mars,4,4
into,4,4
Jimmy,4,5
pickup,8,6
used,4,4
not,4,3
Box,12,3
Screen,4,6
Hans,8,4
Fort,4,4
fort,8,4
rubble,4,6
miracle,4,7
Mir,4,3
Roger,4,5
Goliath,12,7
deck,4,4
Dec,4,3
spiral,4,6
Fox,4,3
juventus,4,8
Santa,8,5
stick,4,5
Mass,12,4
remember,4,8
member,4,6
cyclone,4,7
clone,4,5
Deputy,4,6
deputy,4,6
Chuck,8,5
Sunrise,4,7
rise,4,4
aged,4,4
fishing,4,7
Fish,12,4
Burr,8,4
impact,8,6
pact,8,4
Gunn,4,4
gun,12,3
Yes,4,3
Sahara,4,6
Barry,4,5
throat,4,6
dinosaur,4,8
truth,4,5
Nugget,8,6
Wright,4,6
Malachi,4,7
Shaw,8,4
Kee,8,3
Advance,4,7
Moscow,4,6
Hope,4,4
hope,4,4
Faith,8,5
Rabbit,4,6
Postal,4,6
postal,4,6
Robin,4,5
Paolo,12,5
Savannah,4,8
savannah,4,8
Auburn,4,6
Cream,4,5
Horne,4,5
Austria,4,7
Carl,4,4
camera,4,6
Springs,4,7
plastics,4,8
Plastics,4,8
Lou,12,3
hurricane,4,9
fat,12,3
chill,8,5
lighter,4,7
Young,4,5
Hair,4,4
holiday,8,7
Holiday,8,7
Kate,20,4
meat,8,4
Cleopa,4,6
Saturn,4,6
turn,8,4
wisdom,4,6
Wis,4,3
Capital,4,7
capital,4,7
captain,4,7
Lone,8,4
Macaroni,4,8
but,8,3
Anne,4,4
Sales,4,5
Manchester,8,10
rocks,8,5
Christi,20,7
Pet,12,3
Star,12,4
powder,4,6
Sisters,4,7
cloudy,4,6
feet,4,4
Fat,12,3
Vic,4,3
pose,8,4
Baron,4,5
Nine,4,4
Card,4,4
Potato,8,6
potato,8,6
bond,4,4
Cooper,4,6
oper,8,4
zzzzzz,4,6
goose,8,5
Wyoming,4,7
Mack,4,4
Venice,4,6
Mercedes,4,8
cede,8,4
Jean,4,4
native,4,6
Nat,4,3
Offshore,4,8
offshore,4,8
Pontiac,4,7
mystery,8,7
senior,4,6
Senior,4,6
Alex,24,4
Knight,4,6
knight,4,6
sites,4,5
bust,4,4
Bus,4,3
rows,4,4
streets,4,7
Street,8,6
Here,8,4
other,8,5
Atlantic,8,8
atlantic,8,8
Dollars,4,7
dollars,4,7
pipeline,4,8
Pipeline,4,8
Austin,4,6
Campbell,12,8
bell,20,4
Tam,4,3
muscle,4,6
Chelsea,4,7
else,8,4
Loving,4,6
Sanford,8,7
oth,4,3
marine,12,6
Marine,12,6
Dalton,4,6
pizza,8,5
Pizza,8,5
Dennis,4,6
Carbon,4,6
carbon,4,6
Bryan,8,5
ORACLE,4,6
Cyprus,4,6
jungle,4,6
virtual,4,7
Whites,4,6
whites,4,6
Carlos,4,6
Cheshire,4,8
pineapple,4,9
Pine,4,4
Jupiter,4,7
Alejandro,4,9
Joe,8,3
pfd,8,3
Clarence,4,8
aren,4,4
Bill,12,4
bill,20,4
Donovan,4,7
crystal,4,7
Crystal,4,7
stereo,4,6
Radio,8,5
David,8,5
double,4,6
Mer,8,3
brewer,4,6
Powell,8,6
Russia,4,6
ups,4,3
Isa,4,3
England,4,7
Admiral,4,7
Creative,8,8
creative,8,8
Russian,4,7
Vero,4,4
bulls,8,5
Art,8,3
Edward,4,6
ward,12,4
blow,8,4
golf,16,4
ores,4,4
Lorenzo,4,7
voyage,4,6
Acid,4,4
noodles,4,7
Amstel,4,6
knuckle,4,7
Helm,4,4
foot,8,4
cash,12,4
Cash,12,4
Iron,8,4
iron,8,4
Harper,4,6
Southern,4,8
southern,4,8
Anderson,4,8
raw,4,3
Greed,4,5
low,8,3
Keystone,8,8
keys,8,4
tone,8,4
Strength,4,8
strength,4,8
night,4,5
wish,4,4
Cannon,4,6
your,4,4
Martinez,4,8
martin,4,6
Colonel,4,7
cut,4,3
Ale,8,3
pickles,8,7
Time,4,4
duty,4,4
holes,4,5
Guinness,4,8
Chew,4,4
Hamilton,4,8
Angel,8,5
Corn,4,4
Darrell,4,7
earth,8,5
Jay,4,3
camp,8,4
dynamite,8,8
mite,12,4
Washington,4,10
Justin,4,6
Baldwin,4,7
Term,4,4
term,4,4
spike,4,5
pik,4,3
Reserve,4,7
reserve,4,7
Carolina,8,8
Newport,4,7
Harvey,4,6
Porsche,4,7
lucky,4,5
Lucky,4,5
Michaels,4,8
toy,4,3
family,4,6
Family,4,6
Kelvin,4,6
Horn,4,4
rnd,4,3
brand,8,5
Brand,8,5
grape,8,5
rape,8,4
Mill,4,4
miles,4,5
Tokio,4,5
Porter,4,6
cracker,4,7
rack,4,4
bananas,4,7
Ban,8,3
alan,4,4
fingers,4,7
Fin,4,3
mouse,4,5
Mouse,4,5
Santiago,8,8
might,8,5
Ray,4,3
Their,4,5
their,4,5
Lock,4,4
Australia,4,9
Dai,4,3
really,4,6
Real,8,4
transfer,4,8
Transfer,4,8
Ras,8,3
Beatle,4,6
beat,8,4
marker,4,6
Mark,4,4
pest,8,4
bud,8,3
Bud,4,3
keep,4,4
Spence,4,6
pence,4,5
ready,4,5
Read,4,4
ministry,4,8
Ministry,4,8
Maxwell,4,7
maxwell,4,7
wasted,4,6
Waste,4,5
Track,4,5
track,4,5
Hongkong,8,8
Thirteen,4,8
Tool,8,4
tool,8,4
Amazon,4,6
path,4,4
Path,4,4
Sandra,4,6
williams,4,8
Williams,4,8
thema,4,5
Memorex,4,7
mercury,8,7
Mercury,8,7
Command,16,7
quantum,4,7
Quantum,4,7
quality,4,7
Quality,4,7
cross,4,5
Cross,4,5
Tran,4,4
Indiana,4,7
Run,4,3
Mont,4,4
illusion,4,8
Illusion,4,8
Martha,8,6
probes,4,6
Probe,4,5
Wolf,8,4
Cascade,4,7
skin,8,4
wealth,4,6
May,8,3
Autumn,4,6
autumn,4,6
Wireless,4,8
wire,8,4
mop,4,3
beauty,4,6
Beauty,4,6
pig,4,3
Pig,4,3
suicide,4,7
Tech,4,4
Buffalo,4,7
Der,8,3
Jake,4,4
wing,12,4
Reebok,4,6
Title,4,5
title,4,5
solution,4,8
Wallace,4,7
Malcolm,4,7
fair,4,4
Fair,4,4
Metal,4,5
Lincoln,4,7
groove,4,6
sight,4,5
Step,8,4
Ash,4,3
twenty,4,6
Twenty,4,6
harm,8,4
tell,4,4
Ste,4,3
Fernand,4,7
herd,4,4
She,4,3
Montana,8,7
Theodore,4,8
Fearless,4,8
fear,4,4
Kansas,4,6
supreme,4,7
Supreme,4,7
fallout,4,7
Fall,4,4
Republic,8,8
republic,8,8
Fidel,4,5
stiff,8,5
Harry,4,5
pot,8,3
Debbie,4,6
Barber,4,6
Addison,4,7
Blanca,4,6
Montrose,12,8
bars,4,4
Bar,8,3
Ski,12,3
instant,4,7
Paint,12,5
paint,12,5
City,4,4
Illinois,4,8
Sigma,8,5
straight,8,8
Edison,4,6
Bon,4,3
valencia,4,8
Valencia,4,8
descent,4,7
Rain,4,4
town,4,4
Town,4,4
Dot,4,3
Roll,8,4
tide,4,4
roll,16,4
Plymouth,4,8
mouth,4,5
White,4,5
building,4,8
Building,4,8
Davies,4,6
Female,4,6
female,4,6
Trojan,8,6
All,4,3
Viktor,4,6
Jorge,4,5
jorge,4,5
cocoa,4,5
Queen,4,5
Raymond,8,7
contract,4,8
Contract,4,8
Coca,4,4
Lillie,4,6
Heck,4,4
heck,4,4
Julian,4,6
quel,4,4
Phyllis,4,7
compact,8,7
Compact,8,7
Home,12,4
Bob,4,3
andrea,4,6
Ukraine,4,7
Cook,4,4
cook,4,4
Show,4,4
dancing,4,7
bucks,4,5
shot,4,4
september,4,9
September,4,9
Danny,4,5
giants,4,6
Road,8,4
road,4,4
Sphinx,4,6
Sterling,4,8
sterling,4,8
Houston,4,7
Cape,4,4
icy,8,3
Triple,4,6
triple,4,6
lag,4,3
content,4,7
Deb,8,3
Orion,12,5
goal,4,4
Winston,4,7
wins,4,4
beer,8,4
Cold,8,4
cess,4,4
Duff,4,4
Flight,4,6
flight,4,6
Sprint,4,6
James,4,5
Hanson,4,6
zero,8,4
Ireland,4,7
sharp,4,5
Sharp,4,5
Hill,4,4
Viking,4,6
bed,8,3
football,4,8
Michel,4,6
Wash,4,4
Lim,4,3
connect,4,7
Conn,4,4
bans,4,4
Johnson,4,7
hands,4,5
Hands,4,5
rider,4,5
business,4,8
Business,4,8
Stryker,4,7
hover,4,5
Fatty,4,5
fatty,4,5
compass,4,7
Compass,4,7
crazy,4,5
Crazy,4,5
powers,4,6
Powers,4,6
Mike,4,4
director,4,8
Director,4,8
Schmidt,4,7
para,8,4
Machine,8,7
Labrador,4,8
Bruno,4,5
roads,4,5
Kaiser,4,6
Jim,4,3
bathing,8,7
thing,8,5
Carroll,4,7
first,4,5
First,4,5
burning,4,7
chickens,8,8
Chicken,12,7
Bennett,4,7
Wayne,4,5
Freddie,4,7
Kelsey,4,6
Cosmo,4,5
Epsilon,4,7
silo,4,4
Nikolai,4,7
Victoria,4,8
frozen,4,6
Frozen,4,6
respect,4,7
Tom,8,3
only,4,4
Only,4,4
creation,4,8
Mortgage,4,8
mortgage,4,8
staples,4,7
tap,4,3
Nevada,4,6
Harold,4,6
Napa,4,4
slap,4,4
Damm,4,4
Anita,4,5
Toa,4,3
Dolphin,4,7
backdoor,4,8
Speaker,8,7
speaker,8,7
Jerome,4,6
Whitney,4,7
Teddy,12,5
roof,8,4
Marcel,4,6
electro,4,7
Electro,4,7
Bluebell,4,8
Line,4,4
changed,4,7
Dale,8,4
Dakota,4,6
Maryland,4,8
island,8,6
Island,8,6
boiler,4,6
Boiler,4,6
Giovanni,4,8
Nadi,4,4
comfort,4,7
evolution,8,9
farm,4,4
Farm,4,4
forward,4,7
trader,4,6
Trade,4,5
rough,4,5
Rough,4,5
Rip,8,3
Castro,4,6
Christ,8,6
Plastic,4,7
plastic,4,7
medicine,4,8
Medicine,4,8
Button,4,6
squeeze,8,7
models,4,6
Model,4,5
Edwards,4,7
status,4,6
Jacobs,4,6
Fell,4,4
fell,4,4
sold,4,4
sausage,8,7
Sausage,8,7
alone,4,5
Rosemary,4,8
storm,4,5
Triangle,4,8
triangle,4,8
around,8,6
Around,8,6
For,8,3
squash,4,6
believe,4,7
defend,8,6
Rules,4,5
rules,4,5
Infinity,4,8
monday,4,6
Monday,4,6
destroy,4,7
troy,4,4
Minn,4,4
audio,4,5
Stafford,4,8
staff,4,5
looking,4,7
Looking,4,7
Barrett,4,7
Scrap,4,5
scrap,4,5
Natalie,4,7
bowling,4,7
Bowling,4,7
Mississippi,4,11
Reagan,4,6
stress,4,6
Forum,4,5
forum,4,5
Beam,4,4
Nicol,4,5
Kenneth,4,7
Hora,4,4
robotics,4,8
Rob,4,3
Mickey,4,6
Ernest,4,6
Antony,4,6
Blackman,4,8
jessica,4,7
Japanese,4,8
japanese,4,8
Jenkins,4,7
fosters,4,7
Foster,4,6
Buckley,4,7
Series,4,6
series,4,6
Domino,8,6
domino,8,6
Barcelo,4,7
Ann,4,3
sparks,4,6
Sparks,4,6
promise,4,7
Moore,4,5
october,4,7
October,4,7
Sputnik,4,7
Budd,4,4
prosper,4,7
osp,4,3
Moto,4,4
watch,4,5
vital,4,5
Calgary,4,7
boat,8,4
sail,8,4
Kim,8,3
Doug,4,4
Christa,4,7
seven,4,5
Seven,4,5
sneak,8,5
Sandi,4,5
slack,4,5
lack,4,4
Options,4,7
options,4,7
level,4,5
Skyline,4,7
Joan,4,4
Milk,8,4
milk,8,4
Die,4,3
Karachi,4,7
Steel,4,5
Est,4,3
Sub,4,3
gray,4,4
Gordon,4,6
Clayton,4,7
mature,8,6
Mat,8,3
Sara,4,4
Graphics,4,8
graphics,4,8
Custom,4,6
custom,4,6
Lamont,4,6
Val,8,3
Precious,4,8
precious,4,8
forget,4,6
Franc,4,5
Work,4,4
work,4,4
generic,4,7
Training,4,8
training,4,8
Durango,4,7
cares,4,5
Cardinal,4,8
fields,4,6
Bangkok,4,7
pokemon,4,7
Anything,4,8
anything,4,8
Clinton,4,7
Bolt,4,4
books,4,5
Books,4,5
Alpine,4,6
Dan,4,3
Alice,4,5
Personal,4,8
truck,4,5
Truck,4,5
jets,4,4
chicken,4,7
harvest,4,7
Harvest,4,7
mission,8,7
advent,4,6
Barbara,4,7
Ralph,4,5
Cromwell,4,8
Wood,4,4
Jensen,4,6
Green,4,5
Out,8,3
Julien,4,6
lien,4,4
prov,4,4
view,4,4
preside,4,7
Barker,4,6
Petro,4,5
january,4,7
January,4,7
Magnum,4,6
Dole,4,4
Peng,4,4
Herman,4,6
Mama,4,4
College,4,7
Monroe,4,6
cakes,8,5
Were,4,4
were,4,4
latin,4,5
Latin,4,5
bicycle,4,7
Norris,4,6
Swedish,4,7
Imperial,4,8
Lightning,4,9
lightning,4,9
Dayton,4,6
roost,4,5
Japan,4,5
Michael,4,7
bass,4,4
Bass,4,4
express,4,7
Express,4,7
Babylon,4,7
Coral,4,5
oral,4,4
Marcus,4,6
Oliver,4,6
nikita,4,6
awful,4,5
Lynn,4,4
Hall,4,4
Pepsi,4,5
Lighting,4,8
lighting,4,8
deadly,4,6
Murray,4,6
Goh,4,3
Sweden,4,6
sweden,4,6
brother,4,7
Kang,4,4
Robbie,4,6
oxygen,4,6
Evelyn,4,6
eve,4,3
criminal,4,8
Rockwell,4,8
past,4,4
Tenn,4,4
cruise,4,6
readers,4,7
Reader,4,6
Turner,4,6
Bad,4,3
Shad,4,4
Bishop,4,6
Success,4,7
success,4,7
Pierce,4,6
Virgin,4,6
Rocky,4,5
Junior,4,6
junior,4,6
Sports,4,6
Enterprise,4,10
Fitness,4,7
fitness,4,7
mental,4,6
rig,4,3
Mead,4,4
sandwich,4,8
Flower,4,6
universe,4,8
Strong,4,6
american,4,8
American,4,8
Steven,4,6
even,4,4
Doo,4,3
Aurora,4,6
Quebec,4,6
maverick,4,8
Teresa,4,6
Stanford,4,8
climb,4,5
flop,4,4
Put,4,3
mild,4,4
Aloha,4,5
avenge,4,6
dirt,4,4
Motorola,4,8
motor,4,5
Working,4,7
working,4,7
shrimp,4,6
Shr,4,3
Jen,4,3
Eve,4,3
bare,4,4
tuesday,4,7
Tuesday,4,7
snap,4,4
pall,4,4
Conner,4,6
discord,4,7
